,synth,train,val,test,synth_value,real_value
0_0,0_0\synth.csv,0_0\train.csv,0_0\val.csv,0_0\test.csv,0.0413955707251054,0.0983066998703081
0_1,0_1\synth.csv,0_1\train.csv,0_1\val.csv,0_1\test.csv,0.0417291781197836,0.1360146012736722
0_2,0_2\synth.csv,0_2\train.csv,0_2\val.csv,0_2\test.csv,0.0197569359286582,0.1158034620855155
0_3,0_3\synth.csv,0_3\train.csv,0_3\val.csv,0_3\test.csv,0.0223131050180274,0.1043631690649441
0_4,0_4\synth.csv,0_4\train.csv,0_4\val.csv,0_4\test.csv,0.0080762362958699,0.1071176332413984
1_0,1_0\synth.csv,1_0\train.csv,1_0\val.csv,1_0\test.csv,0.0096446451214354,0.13068469732759
1_1,1_1\synth.csv,1_1\train.csv,1_1\val.csv,1_1\test.csv,0.0360480117797984,0.1203180639800512
1_2,1_2\synth.csv,1_2\train.csv,1_2\val.csv,1_2\test.csv,0.0252532435092083,0.1323357875281394
1_3,1_3\synth.csv,1_3\train.csv,1_3\val.csv,1_3\test.csv,-0.0201254538521302,0.0959937331135196
1_4,1_4\synth.csv,1_4\train.csv,1_4\val.csv,1_4\test.csv,0.0241934473792523,0.0907208405448855
2_0,2_0\synth.csv,2_0\train.csv,2_0\val.csv,2_0\test.csv,0.0382982377366282,0.133843717578922
2_1,2_1\synth.csv,2_1\train.csv,2_1\val.csv,2_1\test.csv,-0.0003102207991856,0.0841881369168199
2_2,2_2\synth.csv,2_2\train.csv,2_2\val.csv,2_2\test.csv,0.0444280070973053,0.1221537413621018
2_3,2_3\synth.csv,2_3\train.csv,2_3\val.csv,2_3\test.csv,0.0097801126749815,0.1120632108276363
2_4,2_4\synth.csv,2_4\train.csv,2_4\val.csv,2_4\test.csv,0.0430643448111767,0.1295444152709446
3_0,3_0\synth.csv,3_0\train.csv,3_0\val.csv,3_0\test.csv,0.027247631834927,0.1138204142831811
3_1,3_1\synth.csv,3_1\train.csv,3_1\val.csv,3_1\test.csv,0.035437817770366,0.1207053073551189
3_2,3_2\synth.csv,3_2\train.csv,3_2\val.csv,3_2\test.csv,0.0423640410276257,0.1137406160088837
3_3,3_3\synth.csv,3_3\train.csv,3_3\val.csv,3_3\test.csv,0.0286053797870347,0.1142882037851046
3_4,3_4\synth.csv,3_4\train.csv,3_4\val.csv,3_4\test.csv,0.035484974737889,0.099024253796623
4_0,4_0\synth.csv,4_0\train.csv,4_0\val.csv,4_0\test.csv,0.0380662276719521,0.1257353882198248
4_1,4_1\synth.csv,4_1\train.csv,4_1\val.csv,4_1\test.csv,0.022898342140335,0.0999382390304076
4_2,4_2\synth.csv,4_2\train.csv,4_2\val.csv,4_2\test.csv,0.0432541723799713,0.117062337716173
4_3,4_3\synth.csv,4_3\train.csv,4_3\val.csv,4_3\test.csv,-0.0001163600942264,0.0989309746938827
4_4,4_4\synth.csv,4_4\train.csv,4_4\val.csv,4_4\test.csv,0.0358554838824827,0.1330252361570189
5_0,5_0\synth.csv,5_0\train.csv,5_0\val.csv,5_0\test.csv,0.0339253293959512,0.1394787523015761
5_1,5_1\synth.csv,5_1\train.csv,5_1\val.csv,5_1\test.csv,0.0155403918578947,0.0940840141944342
5_2,5_2\synth.csv,5_2\train.csv,5_2\val.csv,5_2\test.csv,-0.0123155781849075,0.061707460764574
5_3,5_3\synth.csv,5_3\train.csv,5_3\val.csv,5_3\test.csv,0.0226604972774362,0.126888529802887
5_4,5_4\synth.csv,5_4\train.csv,5_4\val.csv,5_4\test.csv,0.0469175581518112,0.1400484354701093
6_0,6_0\synth.csv,6_0\train.csv,6_0\val.csv,6_0\test.csv,0.0420627891314782,0.1295101909841342
6_1,6_1\synth.csv,6_1\train.csv,6_1\val.csv,6_1\test.csv,0.0368387558620874,0.1065704049765626
6_2,6_2\synth.csv,6_2\train.csv,6_2\val.csv,6_2\test.csv,0.0154941995772952,0.1386967350300327
6_3,6_3\synth.csv,6_3\train.csv,6_3\val.csv,6_3\test.csv,0.0472535042860977,0.1152378160433253
6_4,6_4\synth.csv,6_4\train.csv,6_4\val.csv,6_4\test.csv,0.0007577709075716,0.102671261586108
7_0,7_0\synth.csv,7_0\train.csv,7_0\val.csv,7_0\test.csv,0.0431880178416718,0.143593524809993
7_1,7_1\synth.csv,7_1\train.csv,7_1\val.csv,7_1\test.csv,0.0519467436634151,0.1169891016413772
7_2,7_2\synth.csv,7_2\train.csv,7_2\val.csv,7_2\test.csv,0.0323169145470317,0.1065342859002939
7_3,7_3\synth.csv,7_3\train.csv,7_3\val.csv,7_3\test.csv,0.0519417217800228,0.1302635838060111
7_4,7_4\synth.csv,7_4\train.csv,7_4\val.csv,7_4\test.csv,-0.0391181475889486,0.0622758914343751
8_0,8_0\synth.csv,8_0\train.csv,8_0\val.csv,8_0\test.csv,0.0264037551729463,0.1267593046746015
8_1,8_1\synth.csv,8_1\train.csv,8_1\val.csv,8_1\test.csv,0.030478631200729,0.1076823435505797
8_2,8_2\synth.csv,8_2\train.csv,8_2\val.csv,8_2\test.csv,-0.0014566768103458,0.1367115887456483
8_3,8_3\synth.csv,8_3\train.csv,8_3\val.csv,8_3\test.csv,0.0351706485242979,0.1235947230447226
8_4,8_4\synth.csv,8_4\train.csv,8_4\val.csv,8_4\test.csv,0.0394673812636967,0.127418796608878
9_0,9_0\synth.csv,9_0\train.csv,9_0\val.csv,9_0\test.csv,0.0319010739888788,0.1129070130818639
9_1,9_1\synth.csv,9_1\train.csv,9_1\val.csv,9_1\test.csv,0.0121555747740348,0.0883820367078762
9_2,9_2\synth.csv,9_2\train.csv,9_2\val.csv,9_2\test.csv,0.0330930175180236,0.1204158036572073
9_3,9_3\synth.csv,9_3\train.csv,9_3\val.csv,9_3\test.csv,0.0228686995517606,0.1180014644844239
9_4,9_4\synth.csv,9_4\train.csv,9_4\val.csv,9_4\test.csv,0.0170052255409703,0.1008008120240505
10_0,10_0\synth.csv,10_0\train.csv,10_0\val.csv,10_0\test.csv,0.0543685237966063,0.1270793645366226
10_1,10_1\synth.csv,10_1\train.csv,10_1\val.csv,10_1\test.csv,0.0112186813417275,0.0984087349989767
10_2,10_2\synth.csv,10_2\train.csv,10_2\val.csv,10_2\test.csv,0.0465184083611769,0.1096706077986352
10_3,10_3\synth.csv,10_3\train.csv,10_3\val.csv,10_3\test.csv,0.0232986726376611,0.1209123169437872
10_4,10_4\synth.csv,10_4\train.csv,10_4\val.csv,10_4\test.csv,0.0496383523667357,0.1127535018758538
11_0,11_0\synth.csv,11_0\train.csv,11_0\val.csv,11_0\test.csv,0.0101014158125686,0.1124845466252034
11_1,11_1\synth.csv,11_1\train.csv,11_1\val.csv,11_1\test.csv,0.0412571588237878,0.1165776433551327
11_2,11_2\synth.csv,11_2\train.csv,11_2\val.csv,11_2\test.csv,0.0365352770644741,0.1272464239171415
11_3,11_3\synth.csv,11_3\train.csv,11_3\val.csv,11_3\test.csv,0.0249013052753733,0.1006032749623981
11_4,11_4\synth.csv,11_4\train.csv,11_4\val.csv,11_4\test.csv,0.0419244233089425,0.1328022227259407
12_0,12_0\synth.csv,12_0\train.csv,12_0\val.csv,12_0\test.csv,0.0259194826754965,0.1219378080537563
12_1,12_1\synth.csv,12_1\train.csv,12_1\val.csv,12_1\test.csv,0.019890471793227,0.0794924263675858
12_2,12_2\synth.csv,12_2\train.csv,12_2\val.csv,12_2\test.csv,0.006595924619607,0.0869420066272863
12_3,12_3\synth.csv,12_3\train.csv,12_3\val.csv,12_3\test.csv,0.0379326791766808,0.1211994968260364
12_4,12_4\synth.csv,12_4\train.csv,12_4\val.csv,12_4\test.csv,0.0189308484889277,0.1195306554032912
13_0,13_0\synth.csv,13_0\train.csv,13_0\val.csv,13_0\test.csv,0.0372401910035182,0.1194707247596408
13_1,13_1\synth.csv,13_1\train.csv,13_1\val.csv,13_1\test.csv,0.0016177320756373,0.098156995649302
13_2,13_2\synth.csv,13_2\train.csv,13_2\val.csv,13_2\test.csv,0.0350861078134727,0.1229540710303642
13_3,13_3\synth.csv,13_3\train.csv,13_3\val.csv,13_3\test.csv,0.0420232334977344,0.1224478769030397
13_4,13_4\synth.csv,13_4\train.csv,13_4\val.csv,13_4\test.csv,0.0183525097213917,0.1025806938939007
14_0,14_0\synth.csv,14_0\train.csv,14_0\val.csv,14_0\test.csv,0.0445845809744543,0.121698914999929
14_1,14_1\synth.csv,14_1\train.csv,14_1\val.csv,14_1\test.csv,0.0307049497784247,0.1198339098761969
14_2,14_2\synth.csv,14_2\train.csv,14_2\val.csv,14_2\test.csv,0.0287129629927559,0.1123563329393074
14_3,14_3\synth.csv,14_3\train.csv,14_3\val.csv,14_3\test.csv,0.0432437764092406,0.1251058252478395
14_4,14_4\synth.csv,14_4\train.csv,14_4\val.csv,14_4\test.csv,0.0538082878673105,0.1247246508559403
15_0,15_0\synth.csv,15_0\train.csv,15_0\val.csv,15_0\test.csv,0.0295731777292063,0.1170903623521405
15_1,15_1\synth.csv,15_1\train.csv,15_1\val.csv,15_1\test.csv,0.0199813330956576,0.118938429003699
15_2,15_2\synth.csv,15_2\train.csv,15_2\val.csv,15_2\test.csv,0.0293778749012236,0.1371811055871641
15_3,15_3\synth.csv,15_3\train.csv,15_3\val.csv,15_3\test.csv,0.0377152511663015,0.134399875845149
15_4,15_4\synth.csv,15_4\train.csv,15_4\val.csv,15_4\test.csv,-0.0160071227987022,0.0751518262830606
16_0,16_0\synth.csv,16_0\train.csv,16_0\val.csv,16_0\test.csv,0.0192801496216805,0.1259183864042863
16_1,16_1\synth.csv,16_1\train.csv,16_1\val.csv,16_1\test.csv,0.036619479857104,0.109342653714446
16_2,16_2\synth.csv,16_2\train.csv,16_2\val.csv,16_2\test.csv,0.0485948103063851,0.1250148240164068
16_3,16_3\synth.csv,16_3\train.csv,16_3\val.csv,16_3\test.csv,0.0323366196084412,0.1155173050645892
16_4,16_4\synth.csv,16_4\train.csv,16_4\val.csv,16_4\test.csv,0.0426709216112142,0.1158248141451927
17_0,17_0\synth.csv,17_0\train.csv,17_0\val.csv,17_0\test.csv,0.02500950111999,0.114893903194206
17_1,17_1\synth.csv,17_1\train.csv,17_1\val.csv,17_1\test.csv,-0.0387732427396851,0.0655295407292799
17_2,17_2\synth.csv,17_2\train.csv,17_2\val.csv,17_2\test.csv,0.0063374503574105,0.0932521791654689
17_3,17_3\synth.csv,17_3\train.csv,17_3\val.csv,17_3\test.csv,0.0509196802350508,0.1302854763495794
17_4,17_4\synth.csv,17_4\train.csv,17_4\val.csv,17_4\test.csv,0.035776663757878,0.1257132195151709
18_0,18_0\synth.csv,18_0\train.csv,18_0\val.csv,18_0\test.csv,0.0131191313691904,0.0912049046884549
18_1,18_1\synth.csv,18_1\train.csv,18_1\val.csv,18_1\test.csv,0.0165797591727728,0.1267388569563187
18_2,18_2\synth.csv,18_2\train.csv,18_2\val.csv,18_2\test.csv,0.0387118207617831,0.1322494150066117
18_3,18_3\synth.csv,18_3\train.csv,18_3\val.csv,18_3\test.csv,0.0514036278056514,0.1135801379375154
18_4,18_4\synth.csv,18_4\train.csv,18_4\val.csv,18_4\test.csv,-0.0195796248680328,0.1082029346060855
19_0,19_0\synth.csv,19_0\train.csv,19_0\val.csv,19_0\test.csv,-0.0122772729622526,0.0497013653076525
19_1,19_1\synth.csv,19_1\train.csv,19_1\val.csv,19_1\test.csv,0.0431038995584854,0.1259382373245122
19_2,19_2\synth.csv,19_2\train.csv,19_2\val.csv,19_2\test.csv,0.0456063846800822,0.1318510173707451
19_3,19_3\synth.csv,19_3\train.csv,19_3\val.csv,19_3\test.csv,0.0316149330035134,0.1200665279784624
19_4,19_4\synth.csv,19_4\train.csv,19_4\val.csv,19_4\test.csv,0.0235429973627051,0.0954263070307439
20_0,20_0\synth.csv,20_0\train.csv,20_0\val.csv,20_0\test.csv,-0.0178826138311303,0.0730921364963114
20_1,20_1\synth.csv,20_1\train.csv,20_1\val.csv,20_1\test.csv,0.0230383468575841,0.1141298925766816
20_2,20_2\synth.csv,20_2\train.csv,20_2\val.csv,20_2\test.csv,0.0290014538683415,0.1262172432158353
20_3,20_3\synth.csv,20_3\train.csv,20_3\val.csv,20_3\test.csv,0.0412787504254424,0.0993917080203822
20_4,20_4\synth.csv,20_4\train.csv,20_4\val.csv,20_4\test.csv,0.0074171241332622,0.1095358504054682
21_0,21_0\synth.csv,21_0\train.csv,21_0\val.csv,21_0\test.csv,0.0426618372593188,0.1167573544237796
21_1,21_1\synth.csv,21_1\train.csv,21_1\val.csv,21_1\test.csv,0.0120034140646775,0.1263551496910765
21_2,21_2\synth.csv,21_2\train.csv,21_2\val.csv,21_2\test.csv,0.019290626073388,0.1129826341287326
21_3,21_3\synth.csv,21_3\train.csv,21_3\val.csv,21_3\test.csv,0.0281187105231919,0.0930160798746152
21_4,21_4\synth.csv,21_4\train.csv,21_4\val.csv,21_4\test.csv,-0.0097178346986035,0.1170180349107842
22_0,22_0\synth.csv,22_0\train.csv,22_0\val.csv,22_0\test.csv,-0.1455840917459181,-0.0323356630150162
22_1,22_1\synth.csv,22_1\train.csv,22_1\val.csv,22_1\test.csv,0.0216988425108983,0.117874703833565
22_2,22_2\synth.csv,22_2\train.csv,22_2\val.csv,22_2\test.csv,0.046849925000885,0.1290003133740278
22_3,22_3\synth.csv,22_3\train.csv,22_3\val.csv,22_3\test.csv,0.0158759535564722,0.1200191626122166
22_4,22_4\synth.csv,22_4\train.csv,22_4\val.csv,22_4\test.csv,-0.0175250900371992,0.0703304993310469
23_0,23_0\synth.csv,23_0\train.csv,23_0\val.csv,23_0\test.csv,0.0354661086490976,0.1140952789753302
23_1,23_1\synth.csv,23_1\train.csv,23_1\val.csv,23_1\test.csv,0.0410880820377181,0.1221668630753859
23_2,23_2\synth.csv,23_2\train.csv,23_2\val.csv,23_2\test.csv,0.0035871770348416,0.1310695461712047
23_3,23_3\synth.csv,23_3\train.csv,23_3\val.csv,23_3\test.csv,-0.002586993450917,0.1325211222730605
23_4,23_4\synth.csv,23_4\train.csv,23_4\val.csv,23_4\test.csv,0.0367845466501588,0.1102220786660038
24_0,24_0\synth.csv,24_0\train.csv,24_0\val.csv,24_0\test.csv,0.0282315823666544,0.1382324432108463
24_1,24_1\synth.csv,24_1\train.csv,24_1\val.csv,24_1\test.csv,0.0092217716338535,0.1160198723665201
24_2,24_2\synth.csv,24_2\train.csv,24_2\val.csv,24_2\test.csv,-0.0172874622491081,0.0708829612536622
24_3,24_3\synth.csv,24_3\train.csv,24_3\val.csv,24_3\test.csv,0.0435931711066432,0.1198775530780874
24_4,24_4\synth.csv,24_4\train.csv,24_4\val.csv,24_4\test.csv,0.0216789107999064,0.1125596049060828
25_0,25_0\synth.csv,25_0\train.csv,25_0\val.csv,25_0\test.csv,0.024642572760373,0.123506368054394
25_1,25_1\synth.csv,25_1\train.csv,25_1\val.csv,25_1\test.csv,0.0326454874911896,0.0911551703143286
25_2,25_2\synth.csv,25_2\train.csv,25_2\val.csv,25_2\test.csv,0.0175608204693027,0.1092695643645497
25_3,25_3\synth.csv,25_3\train.csv,25_3\val.csv,25_3\test.csv,0.0257956279148074,0.1319419193791119
25_4,25_4\synth.csv,25_4\train.csv,25_4\val.csv,25_4\test.csv,0.0220944474892471,0.1083841288100033
26_0,26_0\synth.csv,26_0\train.csv,26_0\val.csv,26_0\test.csv,-0.0089046798067264,0.1144998009378344
26_1,26_1\synth.csv,26_1\train.csv,26_1\val.csv,26_1\test.csv,0.0238712891179513,0.1210649575464188
26_2,26_2\synth.csv,26_2\train.csv,26_2\val.csv,26_2\test.csv,0.0344103718651761,0.1118087524729183
26_3,26_3\synth.csv,26_3\train.csv,26_3\val.csv,26_3\test.csv,0.0193536678038732,0.1222156028621133
26_4,26_4\synth.csv,26_4\train.csv,26_4\val.csv,26_4\test.csv,0.046542657125641,0.1199753864291082
27_0,27_0\synth.csv,27_0\train.csv,27_0\val.csv,27_0\test.csv,0.0251005851470441,0.1243219839104673
27_1,27_1\synth.csv,27_1\train.csv,27_1\val.csv,27_1\test.csv,0.0200665703220933,0.1353730349290086
27_2,27_2\synth.csv,27_2\train.csv,27_2\val.csv,27_2\test.csv,0.0383171298874626,0.1252182103593039
27_3,27_3\synth.csv,27_3\train.csv,27_3\val.csv,27_3\test.csv,0.0159083594868781,0.1112369775994394
27_4,27_4\synth.csv,27_4\train.csv,27_4\val.csv,27_4\test.csv,0.0377397570448506,0.1148405394003809
28_0,28_0\synth.csv,28_0\train.csv,28_0\val.csv,28_0\test.csv,0.0520069577724461,0.1177524509625091
28_1,28_1\synth.csv,28_1\train.csv,28_1\val.csv,28_1\test.csv,-0.0263374121809043,0.0587349228776142
28_2,28_2\synth.csv,28_2\train.csv,28_2\val.csv,28_2\test.csv,0.008776771196572,0.098564049134692
28_3,28_3\synth.csv,28_3\train.csv,28_3\val.csv,28_3\test.csv,0.0253306550909105,0.1098790172651141
28_4,28_4\synth.csv,28_4\train.csv,28_4\val.csv,28_4\test.csv,0.0425612917414931,0.1254022503749541
29_0,29_0\synth.csv,29_0\train.csv,29_0\val.csv,29_0\test.csv,0.0225597933968236,0.1076568831935129
29_1,29_1\synth.csv,29_1\train.csv,29_1\val.csv,29_1\test.csv,0.0513982132503582,0.1437405742124584
29_2,29_2\synth.csv,29_2\train.csv,29_2\val.csv,29_2\test.csv,0.0362086265347341,0.1169035628156676
29_3,29_3\synth.csv,29_3\train.csv,29_3\val.csv,29_3\test.csv,0.0349967670167362,0.1192356911474097
29_4,29_4\synth.csv,29_4\train.csv,29_4\val.csv,29_4\test.csv,0.0482207375671275,0.1158098294167963
30_0,30_0\synth.csv,30_0\train.csv,30_0\val.csv,30_0\test.csv,0.0199078244393543,0.1099795809797629
30_1,30_1\synth.csv,30_1\train.csv,30_1\val.csv,30_1\test.csv,0.0632332146720628,0.1123504648594316
30_2,30_2\synth.csv,30_2\train.csv,30_2\val.csv,30_2\test.csv,0.0299925163002583,0.118452380245719
30_3,30_3\synth.csv,30_3\train.csv,30_3\val.csv,30_3\test.csv,0.0323345286044728,0.1288678890779642
30_4,30_4\synth.csv,30_4\train.csv,30_4\val.csv,30_4\test.csv,0.0176563385351979,0.1000278661369361
31_0,31_0\synth.csv,31_0\train.csv,31_0\val.csv,31_0\test.csv,0.0214153698218494,0.1153283567025114
31_1,31_1\synth.csv,31_1\train.csv,31_1\val.csv,31_1\test.csv,0.0231299375232105,0.1315454095268917
31_2,31_2\synth.csv,31_2\train.csv,31_2\val.csv,31_2\test.csv,0.0094138056775273,0.1098563885805217
31_3,31_3\synth.csv,31_3\train.csv,31_3\val.csv,31_3\test.csv,-0.0124827820208854,0.0859576363576407
31_4,31_4\synth.csv,31_4\train.csv,31_4\val.csv,31_4\test.csv,0.0195345583917251,0.1117410798885896
32_0,32_0\synth.csv,32_0\train.csv,32_0\val.csv,32_0\test.csv,0.0188335018697508,0.1060898863289334
32_1,32_1\synth.csv,32_1\train.csv,32_1\val.csv,32_1\test.csv,0.0148406488916238,0.1029466855503616
32_2,32_2\synth.csv,32_2\train.csv,32_2\val.csv,32_2\test.csv,0.0372455282392494,0.1198254893876642
32_3,32_3\synth.csv,32_3\train.csv,32_3\val.csv,32_3\test.csv,0.0270750046871061,0.1103481564463354
32_4,32_4\synth.csv,32_4\train.csv,32_4\val.csv,32_4\test.csv,0.0154460555972949,0.120474625202211
33_0,33_0\synth.csv,33_0\train.csv,33_0\val.csv,33_0\test.csv,0.0126297512300646,0.1315288326015737
33_1,33_1\synth.csv,33_1\train.csv,33_1\val.csv,33_1\test.csv,-0.0420947396737538,0.1075960839529481
33_2,33_2\synth.csv,33_2\train.csv,33_2\val.csv,33_2\test.csv,0.0164190120479011,0.0920940335590949
33_3,33_3\synth.csv,33_3\train.csv,33_3\val.csv,33_3\test.csv,-0.0459191989210827,0.0833554308834483
33_4,33_4\synth.csv,33_4\train.csv,33_4\val.csv,33_4\test.csv,0.0348683899426027,0.1120881489116625
34_0,34_0\synth.csv,34_0\train.csv,34_0\val.csv,34_0\test.csv,0.0035513441897103,0.085460299729507
34_1,34_1\synth.csv,34_1\train.csv,34_1\val.csv,34_1\test.csv,0.0490130059144361,0.1135776438087731
34_2,34_2\synth.csv,34_2\train.csv,34_2\val.csv,34_2\test.csv,0.0195252373887706,0.0881898849676613
34_3,34_3\synth.csv,34_3\train.csv,34_3\val.csv,34_3\test.csv,-0.0170460964499314,0.0725470613400787
34_4,34_4\synth.csv,34_4\train.csv,34_4\val.csv,34_4\test.csv,0.0322316797761441,0.1070349365199446
35_0,35_0\synth.csv,35_0\train.csv,35_0\val.csv,35_0\test.csv,0.0231271532347817,0.0880013304152559
35_1,35_1\synth.csv,35_1\train.csv,35_1\val.csv,35_1\test.csv,0.0450858190396162,0.1305831404458068
35_2,35_2\synth.csv,35_2\train.csv,35_2\val.csv,35_2\test.csv,0.0138418197338601,0.1196559968531743
35_3,35_3\synth.csv,35_3\train.csv,35_3\val.csv,35_3\test.csv,0.0166829793936671,0.125981408109003
35_4,35_4\synth.csv,35_4\train.csv,35_4\val.csv,35_4\test.csv,0.0407974004837795,0.1276259786961875
36_0,36_0\synth.csv,36_0\train.csv,36_0\val.csv,36_0\test.csv,0.0032406176324595,0.1269939581457172
36_1,36_1\synth.csv,36_1\train.csv,36_1\val.csv,36_1\test.csv,0.034076820759013,0.1178431293122608
36_2,36_2\synth.csv,36_2\train.csv,36_2\val.csv,36_2\test.csv,0.0265838448330232,0.1073903158468733
36_3,36_3\synth.csv,36_3\train.csv,36_3\val.csv,36_3\test.csv,0.0262450402980951,0.1072122773355366
36_4,36_4\synth.csv,36_4\train.csv,36_4\val.csv,36_4\test.csv,0.0381908320915473,0.1331205648971519
37_0,37_0\synth.csv,37_0\train.csv,37_0\val.csv,37_0\test.csv,-0.0191694833910305,0.0675250269480441
37_1,37_1\synth.csv,37_1\train.csv,37_1\val.csv,37_1\test.csv,0.0444283221946832,0.1223873809121421
37_2,37_2\synth.csv,37_2\train.csv,37_2\val.csv,37_2\test.csv,0.0256589482817776,0.1208801765888629
37_3,37_3\synth.csv,37_3\train.csv,37_3\val.csv,37_3\test.csv,0.0153897393977133,0.0891784235799213
37_4,37_4\synth.csv,37_4\train.csv,37_4\val.csv,37_4\test.csv,0.0190727656226579,0.1078340467456372
38_0,38_0\synth.csv,38_0\train.csv,38_0\val.csv,38_0\test.csv,0.0447950147607657,0.1172498095506032
38_1,38_1\synth.csv,38_1\train.csv,38_1\val.csv,38_1\test.csv,0.0484991176878771,0.1300470755011569
38_2,38_2\synth.csv,38_2\train.csv,38_2\val.csv,38_2\test.csv,0.0241201532331851,0.121674880557052
38_3,38_3\synth.csv,38_3\train.csv,38_3\val.csv,38_3\test.csv,0.0113422545291067,0.0917821850784536
38_4,38_4\synth.csv,38_4\train.csv,38_4\val.csv,38_4\test.csv,0.0308687848539787,0.0984965574043152
39_0,39_0\synth.csv,39_0\train.csv,39_0\val.csv,39_0\test.csv,0.0260548947222833,0.1097442776549015
39_1,39_1\synth.csv,39_1\train.csv,39_1\val.csv,39_1\test.csv,-0.0235149027419196,0.0799973614375922
39_2,39_2\synth.csv,39_2\train.csv,39_2\val.csv,39_2\test.csv,0.0221222156511852,0.1245141265245414
39_3,39_3\synth.csv,39_3\train.csv,39_3\val.csv,39_3\test.csv,0.0245744971415746,0.120752305793238
39_4,39_4\synth.csv,39_4\train.csv,39_4\val.csv,39_4\test.csv,0.0431894096907119,0.1247008013844287
40_0,40_0\synth.csv,40_0\train.csv,40_0\val.csv,40_0\test.csv,0.0358093303970734,0.1217707692558152
40_1,40_1\synth.csv,40_1\train.csv,40_1\val.csv,40_1\test.csv,0.0120974964080806,0.0953990473211334
40_2,40_2\synth.csv,40_2\train.csv,40_2\val.csv,40_2\test.csv,0.0363820334925741,0.1139378922822101
40_3,40_3\synth.csv,40_3\train.csv,40_3\val.csv,40_3\test.csv,0.0293474608591703,0.1237910559381112
40_4,40_4\synth.csv,40_4\train.csv,40_4\val.csv,40_4\test.csv,0.0066778971211466,0.1142430067835058
41_0,41_0\synth.csv,41_0\train.csv,41_0\val.csv,41_0\test.csv,0.0358007897692355,0.1376414292830525
41_1,41_1\synth.csv,41_1\train.csv,41_1\val.csv,41_1\test.csv,0.030083628389381,0.1343733320470971
41_2,41_2\synth.csv,41_2\train.csv,41_2\val.csv,41_2\test.csv,0.0169831348474985,0.1031850980727155
41_3,41_3\synth.csv,41_3\train.csv,41_3\val.csv,41_3\test.csv,0.0340250471033203,0.1052717315649707
41_4,41_4\synth.csv,41_4\train.csv,41_4\val.csv,41_4\test.csv,0.0431059579140347,0.1063277399306207
42_0,42_0\synth.csv,42_0\train.csv,42_0\val.csv,42_0\test.csv,0.0012168984966809,0.105207251380451
42_1,42_1\synth.csv,42_1\train.csv,42_1\val.csv,42_1\test.csv,0.0251009695550756,0.0997077040650628
42_2,42_2\synth.csv,42_2\train.csv,42_2\val.csv,42_2\test.csv,0.0486161192709657,0.1282242111072604
42_3,42_3\synth.csv,42_3\train.csv,42_3\val.csv,42_3\test.csv,0.0602809161499108,0.1325745020855309
42_4,42_4\synth.csv,42_4\train.csv,42_4\val.csv,42_4\test.csv,0.0477202909598036,0.1181654713983486
43_0,43_0\synth.csv,43_0\train.csv,43_0\val.csv,43_0\test.csv,0.0248607031306866,0.1161808691050801
43_1,43_1\synth.csv,43_1\train.csv,43_1\val.csv,43_1\test.csv,0.0282037371620761,0.1191723530974158
43_2,43_2\synth.csv,43_2\train.csv,43_2\val.csv,43_2\test.csv,0.0150041073322554,0.1073724094582309
43_3,43_3\synth.csv,43_3\train.csv,43_3\val.csv,43_3\test.csv,-0.0011498135810381,0.106646893663723
43_4,43_4\synth.csv,43_4\train.csv,43_4\val.csv,43_4\test.csv,0.0268809409364234,0.0812814761922403
44_0,44_0\synth.csv,44_0\train.csv,44_0\val.csv,44_0\test.csv,0.0163570350681766,0.0968620067573835
44_1,44_1\synth.csv,44_1\train.csv,44_1\val.csv,44_1\test.csv,0.0337883332173651,0.1232073214618323
44_2,44_2\synth.csv,44_2\train.csv,44_2\val.csv,44_2\test.csv,0.0195439415353999,0.1183707167572409
44_3,44_3\synth.csv,44_3\train.csv,44_3\val.csv,44_3\test.csv,0.0145237371374721,0.1177855286905121
44_4,44_4\synth.csv,44_4\train.csv,44_4\val.csv,44_4\test.csv,0.0208409105060579,0.1334320643869667
45_0,45_0\synth.csv,45_0\train.csv,45_0\val.csv,45_0\test.csv,0.0459214946017508,0.1130176396462565
45_1,45_1\synth.csv,45_1\train.csv,45_1\val.csv,45_1\test.csv,0.0459477037163507,0.1116485413394763
45_2,45_2\synth.csv,45_2\train.csv,45_2\val.csv,45_2\test.csv,0.007275532381706,0.1088669825757761
45_3,45_3\synth.csv,45_3\train.csv,45_3\val.csv,45_3\test.csv,0.025962499758126,0.1097924165819036
45_4,45_4\synth.csv,45_4\train.csv,45_4\val.csv,45_4\test.csv,0.0261872091597021,0.1320438764447599
46_0,46_0\synth.csv,46_0\train.csv,46_0\val.csv,46_0\test.csv,-0.0162573476975329,0.0997453970220664
46_1,46_1\synth.csv,46_1\train.csv,46_1\val.csv,46_1\test.csv,0.0136045054268979,0.1260813657545269
46_2,46_2\synth.csv,46_2\train.csv,46_2\val.csv,46_2\test.csv,0.0293762947249367,0.1310304755201902
46_3,46_3\synth.csv,46_3\train.csv,46_3\val.csv,46_3\test.csv,0.0245929318411106,0.1049152670056988
46_4,46_4\synth.csv,46_4\train.csv,46_4\val.csv,46_4\test.csv,0.0363092076316863,0.1262663264888909
47_0,47_0\synth.csv,47_0\train.csv,47_0\val.csv,47_0\test.csv,0.0561658395571218,0.1296611858558005
47_1,47_1\synth.csv,47_1\train.csv,47_1\val.csv,47_1\test.csv,-0.1239970293466585,0.0319102362627525
47_2,47_2\synth.csv,47_2\train.csv,47_2\val.csv,47_2\test.csv,0.0531731557439719,0.1263407639841841
47_3,47_3\synth.csv,47_3\train.csv,47_3\val.csv,47_3\test.csv,0.0404997157695975,0.1195457862521315
47_4,47_4\synth.csv,47_4\train.csv,47_4\val.csv,47_4\test.csv,0.0019764393826954,0.0945706856037306
48_0,48_0\synth.csv,48_0\train.csv,48_0\val.csv,48_0\test.csv,0.0434770700979187,0.0729730628578834
48_1,48_1\synth.csv,48_1\train.csv,48_1\val.csv,48_1\test.csv,0.0367954115615617,0.1238790317167087
48_2,48_2\synth.csv,48_2\train.csv,48_2\val.csv,48_2\test.csv,0.0363914755270243,0.1191100674488997
48_3,48_3\synth.csv,48_3\train.csv,48_3\val.csv,48_3\test.csv,0.0457474289692858,0.1148344997929831
48_4,48_4\synth.csv,48_4\train.csv,48_4\val.csv,48_4\test.csv,0.0329934405786978,0.1293740836735674
49_0,49_0\synth.csv,49_0\train.csv,49_0\val.csv,49_0\test.csv,-0.0241749491746623,0.1078090536459664
49_1,49_1\synth.csv,49_1\train.csv,49_1\val.csv,49_1\test.csv,0.0173217729445305,0.1259604942300159
49_2,49_2\synth.csv,49_2\train.csv,49_2\val.csv,49_2\test.csv,0.016499355365628,0.1234902718674757
49_3,49_3\synth.csv,49_3\train.csv,49_3\val.csv,49_3\test.csv,0.0134124882298306,0.1161597991008908
49_4,49_4\synth.csv,49_4\train.csv,49_4\val.csv,49_4\test.csv,0.0419196854543588,0.1376927118599232
50_0,50_0\synth.csv,50_0\train.csv,50_0\val.csv,50_0\test.csv,-0.0024115329484635,0.1151973178069943
50_1,50_1\synth.csv,50_1\train.csv,50_1\val.csv,50_1\test.csv,-0.0155243433789142,0.0722544988148706
50_2,50_2\synth.csv,50_2\train.csv,50_2\val.csv,50_2\test.csv,0.0388919800407335,0.1002195447919995
50_3,50_3\synth.csv,50_3\train.csv,50_3\val.csv,50_3\test.csv,0.0333400618195531,0.1324164246020579
50_4,50_4\synth.csv,50_4\train.csv,50_4\val.csv,50_4\test.csv,0.0044225009005193,0.0946634675142635
51_0,51_0\synth.csv,51_0\train.csv,51_0\val.csv,51_0\test.csv,0.0159215911896035,0.1109747872389198
51_1,51_1\synth.csv,51_1\train.csv,51_1\val.csv,51_1\test.csv,0.0336175364244316,0.1234937706266764
51_2,51_2\synth.csv,51_2\train.csv,51_2\val.csv,51_2\test.csv,0.0422366333176315,0.0987439696444169
51_3,51_3\synth.csv,51_3\train.csv,51_3\val.csv,51_3\test.csv,0.0236558260256208,0.1316767671061057
51_4,51_4\synth.csv,51_4\train.csv,51_4\val.csv,51_4\test.csv,0.0341265257530726,0.130845667532057
52_0,52_0\synth.csv,52_0\train.csv,52_0\val.csv,52_0\test.csv,0.0233486257491916,0.0959676296841685
52_1,52_1\synth.csv,52_1\train.csv,52_1\val.csv,52_1\test.csv,0.0277644902116674,0.1251045246058827
52_2,52_2\synth.csv,52_2\train.csv,52_2\val.csv,52_2\test.csv,0.0197421146675461,0.1241344267553454
52_3,52_3\synth.csv,52_3\train.csv,52_3\val.csv,52_3\test.csv,0.0413822353422093,0.0967557919857885
52_4,52_4\synth.csv,52_4\train.csv,52_4\val.csv,52_4\test.csv,0.0283672388598621,0.1275156296580321
53_0,53_0\synth.csv,53_0\train.csv,53_0\val.csv,53_0\test.csv,0.0205351711997697,0.1195302413732574
53_1,53_1\synth.csv,53_1\train.csv,53_1\val.csv,53_1\test.csv,0.0212176262433045,0.1078207213376408
53_2,53_2\synth.csv,53_2\train.csv,53_2\val.csv,53_2\test.csv,0.04395327720979,0.1113051452454493
53_3,53_3\synth.csv,53_3\train.csv,53_3\val.csv,53_3\test.csv,0.0185051241521034,0.1374905326179298
53_4,53_4\synth.csv,53_4\train.csv,53_4\val.csv,53_4\test.csv,0.0242989501481957,0.0990981687315039
54_0,54_0\synth.csv,54_0\train.csv,54_0\val.csv,54_0\test.csv,0.0268229261373829,0.1212988671874915
54_1,54_1\synth.csv,54_1\train.csv,54_1\val.csv,54_1\test.csv,0.037129232940159,0.1185757842346442
54_2,54_2\synth.csv,54_2\train.csv,54_2\val.csv,54_2\test.csv,0.042306117046983,0.1073994482917805
54_3,54_3\synth.csv,54_3\train.csv,54_3\val.csv,54_3\test.csv,0.0292351904285601,0.1286983339641972
54_4,54_4\synth.csv,54_4\train.csv,54_4\val.csv,54_4\test.csv,0.0410265388313622,0.1036026458712203
55_0,55_0\synth.csv,55_0\train.csv,55_0\val.csv,55_0\test.csv,0.0201313376505395,0.1327654034249433
55_1,55_1\synth.csv,55_1\train.csv,55_1\val.csv,55_1\test.csv,0.0256165251032066,0.1162414293835476
55_2,55_2\synth.csv,55_2\train.csv,55_2\val.csv,55_2\test.csv,-0.0042661182156875,0.115924796813745
55_3,55_3\synth.csv,55_3\train.csv,55_3\val.csv,55_3\test.csv,0.0379334352371765,0.1152358418287021
55_4,55_4\synth.csv,55_4\train.csv,55_4\val.csv,55_4\test.csv,0.0312269806036434,0.1207513989961309
56_0,56_0\synth.csv,56_0\train.csv,56_0\val.csv,56_0\test.csv,0.0358032154187116,0.1058920727594355
56_1,56_1\synth.csv,56_1\train.csv,56_1\val.csv,56_1\test.csv,0.0337366670023066,0.1390414708592542
56_2,56_2\synth.csv,56_2\train.csv,56_2\val.csv,56_2\test.csv,0.0089927021887004,0.1318021901860383
56_3,56_3\synth.csv,56_3\train.csv,56_3\val.csv,56_3\test.csv,0.0247926781726566,0.075887273987164
56_4,56_4\synth.csv,56_4\train.csv,56_4\val.csv,56_4\test.csv,0.0634143632680431,0.1265304040754294
57_0,57_0\synth.csv,57_0\train.csv,57_0\val.csv,57_0\test.csv,0.0290028459535829,0.1196263226536226
57_1,57_1\synth.csv,57_1\train.csv,57_1\val.csv,57_1\test.csv,0.0251779829061576,0.1154231144930599
57_2,57_2\synth.csv,57_2\train.csv,57_2\val.csv,57_2\test.csv,0.0291151947369703,0.1286219903756117
57_3,57_3\synth.csv,57_3\train.csv,57_3\val.csv,57_3\test.csv,0.0522716987017476,0.1073682341536801
57_4,57_4\synth.csv,57_4\train.csv,57_4\val.csv,57_4\test.csv,0.0076301947361472,0.0894302585631657
58_0,58_0\synth.csv,58_0\train.csv,58_0\val.csv,58_0\test.csv,0.0182444964879588,0.1162786101213515
58_1,58_1\synth.csv,58_1\train.csv,58_1\val.csv,58_1\test.csv,0.0265352469300161,0.117096185417074
58_2,58_2\synth.csv,58_2\train.csv,58_2\val.csv,58_2\test.csv,0.0317338859553907,0.1168001981437083
58_3,58_3\synth.csv,58_3\train.csv,58_3\val.csv,58_3\test.csv,0.0468950520122265,0.1281780512321656
58_4,58_4\synth.csv,58_4\train.csv,58_4\val.csv,58_4\test.csv,0.0242499727437819,0.1088003118896768
59_0,59_0\synth.csv,59_0\train.csv,59_0\val.csv,59_0\test.csv,0.0339697852391176,0.1333295312220936
59_1,59_1\synth.csv,59_1\train.csv,59_1\val.csv,59_1\test.csv,0.0222919890971182,0.0981652813533189
59_2,59_2\synth.csv,59_2\train.csv,59_2\val.csv,59_2\test.csv,0.0194275363346396,0.110443013210199
59_3,59_3\synth.csv,59_3\train.csv,59_3\val.csv,59_3\test.csv,0.0415884576909914,0.1194807070953594
59_4,59_4\synth.csv,59_4\train.csv,59_4\val.csv,59_4\test.csv,0.070748053992988,0.1158310324002415
60_0,60_0\synth.csv,60_0\train.csv,60_0\val.csv,60_0\test.csv,0.0404202765141634,0.1109306601309776
60_1,60_1\synth.csv,60_1\train.csv,60_1\val.csv,60_1\test.csv,0.0220537448110839,0.1242334042871361
60_2,60_2\synth.csv,60_2\train.csv,60_2\val.csv,60_2\test.csv,-0.0027216258871882,0.1173615274146867
60_3,60_3\synth.csv,60_3\train.csv,60_3\val.csv,60_3\test.csv,0.0174456480482532,0.1017938824106807
60_4,60_4\synth.csv,60_4\train.csv,60_4\val.csv,60_4\test.csv,0.0193037273381139,0.0974865279666041
61_0,61_0\synth.csv,61_0\train.csv,61_0\val.csv,61_0\test.csv,0.0135582201662385,0.0919657897393572
61_1,61_1\synth.csv,61_1\train.csv,61_1\val.csv,61_1\test.csv,0.0322100774886618,0.1178609070736688
61_2,61_2\synth.csv,61_2\train.csv,61_2\val.csv,61_2\test.csv,0.0310567069795106,0.1036951275991664
61_3,61_3\synth.csv,61_3\train.csv,61_3\val.csv,61_3\test.csv,0.0454013349516772,0.1439850744183213
61_4,61_4\synth.csv,61_4\train.csv,61_4\val.csv,61_4\test.csv,0.0367211841029352,0.1189404615064457
62_0,62_0\synth.csv,62_0\train.csv,62_0\val.csv,62_0\test.csv,0.0238628937888359,0.1074172505505356
62_1,62_1\synth.csv,62_1\train.csv,62_1\val.csv,62_1\test.csv,0.0608925856047033,0.1229466623619008
62_2,62_2\synth.csv,62_2\train.csv,62_2\val.csv,62_2\test.csv,0.0401227101319658,0.1131140806854953
62_3,62_3\synth.csv,62_3\train.csv,62_3\val.csv,62_3\test.csv,0.0179381607628094,0.1166439840854668
62_4,62_4\synth.csv,62_4\train.csv,62_4\val.csv,62_4\test.csv,0.0351044056757784,0.128952151973255
63_0,63_0\synth.csv,63_0\train.csv,63_0\val.csv,63_0\test.csv,-0.0058829913258093,0.0851167464079408
63_1,63_1\synth.csv,63_1\train.csv,63_1\val.csv,63_1\test.csv,0.0221201154815544,0.1088489055055813
63_2,63_2\synth.csv,63_2\train.csv,63_2\val.csv,63_2\test.csv,0.0318454166852233,0.1066275016898672
63_3,63_3\synth.csv,63_3\train.csv,63_3\val.csv,63_3\test.csv,0.017752379466877,0.1272752717270792
63_4,63_4\synth.csv,63_4\train.csv,63_4\val.csv,63_4\test.csv,0.0154678491049543,0.0965267294232584
64_0,64_0\synth.csv,64_0\train.csv,64_0\val.csv,64_0\test.csv,0.0259078918065684,0.1342777711864595
64_1,64_1\synth.csv,64_1\train.csv,64_1\val.csv,64_1\test.csv,0.0171594491600163,0.0941665438593253
64_2,64_2\synth.csv,64_2\train.csv,64_2\val.csv,64_2\test.csv,0.0201472995322513,0.1240899993074284
64_3,64_3\synth.csv,64_3\train.csv,64_3\val.csv,64_3\test.csv,0.0226368523579421,0.118582187415936
64_4,64_4\synth.csv,64_4\train.csv,64_4\val.csv,64_4\test.csv,0.0479548983296237,0.1219835407776037
65_0,65_0\synth.csv,65_0\train.csv,65_0\val.csv,65_0\test.csv,0.0293930751820575,0.0996939386746834
65_1,65_1\synth.csv,65_1\train.csv,65_1\val.csv,65_1\test.csv,-0.0299266467192587,0.0789166133052093
65_2,65_2\synth.csv,65_2\train.csv,65_2\val.csv,65_2\test.csv,0.0339953932710146,0.1156398957695765
65_3,65_3\synth.csv,65_3\train.csv,65_3\val.csv,65_3\test.csv,0.0485457979220079,0.1223509668598501
65_4,65_4\synth.csv,65_4\train.csv,65_4\val.csv,65_4\test.csv,0.0305191978031597,0.1272836214834911
66_0,66_0\synth.csv,66_0\train.csv,66_0\val.csv,66_0\test.csv,0.0111758380001822,0.1154815542310487
66_1,66_1\synth.csv,66_1\train.csv,66_1\val.csv,66_1\test.csv,0.0177463635742058,0.1056602267591685
66_2,66_2\synth.csv,66_2\train.csv,66_2\val.csv,66_2\test.csv,0.03234614130516,0.1123445993516106
66_3,66_3\synth.csv,66_3\train.csv,66_3\val.csv,66_3\test.csv,0.0196522296390514,0.0906910521277211
66_4,66_4\synth.csv,66_4\train.csv,66_4\val.csv,66_4\test.csv,0.0289793696628054,0.1265953988359356
67_0,67_0\synth.csv,67_0\train.csv,67_0\val.csv,67_0\test.csv,0.0449547518315969,0.1360324780232901
67_1,67_1\synth.csv,67_1\train.csv,67_1\val.csv,67_1\test.csv,0.041931564320337,0.1025352350511228
67_2,67_2\synth.csv,67_2\train.csv,67_2\val.csv,67_2\test.csv,0.0110731224850182,0.1214415043198624
67_3,67_3\synth.csv,67_3\train.csv,67_3\val.csv,67_3\test.csv,0.0163634266717064,0.114146423978278
67_4,67_4\synth.csv,67_4\train.csv,67_4\val.csv,67_4\test.csv,0.0395050087461097,0.1127972455725991
68_0,68_0\synth.csv,68_0\train.csv,68_0\val.csv,68_0\test.csv,0.0366848955698491,0.1209782510578788
68_1,68_1\synth.csv,68_1\train.csv,68_1\val.csv,68_1\test.csv,0.0279848335127667,0.1190309473822087
68_2,68_2\synth.csv,68_2\train.csv,68_2\val.csv,68_2\test.csv,0.0244817500968078,0.1305736763116181
68_3,68_3\synth.csv,68_3\train.csv,68_3\val.csv,68_3\test.csv,0.0325035496438779,0.1177501092814091
68_4,68_4\synth.csv,68_4\train.csv,68_4\val.csv,68_4\test.csv,0.022328216806808,0.0983438311792944
69_0,69_0\synth.csv,69_0\train.csv,69_0\val.csv,69_0\test.csv,0.0420518102221217,0.1143366480270338
69_1,69_1\synth.csv,69_1\train.csv,69_1\val.csv,69_1\test.csv,-0.0135498203983124,0.0792726281717465
69_2,69_2\synth.csv,69_2\train.csv,69_2\val.csv,69_2\test.csv,0.0280881279075755,0.1307570264684024
69_3,69_3\synth.csv,69_3\train.csv,69_3\val.csv,69_3\test.csv,-0.0134460261655393,0.0838581969439838
69_4,69_4\synth.csv,69_4\train.csv,69_4\val.csv,69_4\test.csv,0.0183674297845778,0.1213194140340488
70_0,70_0\synth.csv,70_0\train.csv,70_0\val.csv,70_0\test.csv,0.0270255065200096,0.1379101055086414
70_1,70_1\synth.csv,70_1\train.csv,70_1\val.csv,70_1\test.csv,-0.0518064355045158,0.062374243378117
70_2,70_2\synth.csv,70_2\train.csv,70_2\val.csv,70_2\test.csv,0.0191790318016258,0.1125548628252541
70_3,70_3\synth.csv,70_3\train.csv,70_3\val.csv,70_3\test.csv,0.0216812545114539,0.1282460100674826
70_4,70_4\synth.csv,70_4\train.csv,70_4\val.csv,70_4\test.csv,0.0230410172196994,0.096914404581766
71_0,71_0\synth.csv,71_0\train.csv,71_0\val.csv,71_0\test.csv,0.0265612274793265,0.1158986722915598
71_1,71_1\synth.csv,71_1\train.csv,71_1\val.csv,71_1\test.csv,0.0401406060600025,0.1144590588406347
71_2,71_2\synth.csv,71_2\train.csv,71_2\val.csv,71_2\test.csv,0.028227634498557,0.1241477564534577
71_3,71_3\synth.csv,71_3\train.csv,71_3\val.csv,71_3\test.csv,0.0251969273370139,0.1021599129082067
71_4,71_4\synth.csv,71_4\train.csv,71_4\val.csv,71_4\test.csv,0.032075853744855,0.1147508558049706
72_0,72_0\synth.csv,72_0\train.csv,72_0\val.csv,72_0\test.csv,0.0452799677391657,0.1245228840649718
72_1,72_1\synth.csv,72_1\train.csv,72_1\val.csv,72_1\test.csv,0.0486096567932378,0.1291692032387987
72_2,72_2\synth.csv,72_2\train.csv,72_2\val.csv,72_2\test.csv,-0.0354166585619393,0.0623869571307288
72_3,72_3\synth.csv,72_3\train.csv,72_3\val.csv,72_3\test.csv,0.0371752666711392,0.1188052077092489
72_4,72_4\synth.csv,72_4\train.csv,72_4\val.csv,72_4\test.csv,0.0279393584048914,0.1188473588271009
73_0,73_0\synth.csv,73_0\train.csv,73_0\val.csv,73_0\test.csv,0.0461674116712876,0.1100109774710714
73_1,73_1\synth.csv,73_1\train.csv,73_1\val.csv,73_1\test.csv,0.0102224842248653,0.1147789657815278
73_2,73_2\synth.csv,73_2\train.csv,73_2\val.csv,73_2\test.csv,0.0478731846441167,0.1290373038279643
73_3,73_3\synth.csv,73_3\train.csv,73_3\val.csv,73_3\test.csv,0.0281602947090365,0.1194608592961218
73_4,73_4\synth.csv,73_4\train.csv,73_4\val.csv,73_4\test.csv,0.0259489014450873,0.1200230079601489
74_0,74_0\synth.csv,74_0\train.csv,74_0\val.csv,74_0\test.csv,0.0335836678975274,0.132833332320893
74_1,74_1\synth.csv,74_1\train.csv,74_1\val.csv,74_1\test.csv,0.0035316750129571,0.0812266953541775
74_2,74_2\synth.csv,74_2\train.csv,74_2\val.csv,74_2\test.csv,0.0357895777053525,0.119659486763136
74_3,74_3\synth.csv,74_3\train.csv,74_3\val.csv,74_3\test.csv,0.0233916819338864,0.1349083832153673
74_4,74_4\synth.csv,74_4\train.csv,74_4\val.csv,74_4\test.csv,0.0442470130541314,0.1430513459521895
75_0,75_0\synth.csv,75_0\train.csv,75_0\val.csv,75_0\test.csv,0.0409405932221733,0.1113746068332238
75_1,75_1\synth.csv,75_1\train.csv,75_1\val.csv,75_1\test.csv,0.0208411777209357,0.0861486399527169
75_2,75_2\synth.csv,75_2\train.csv,75_2\val.csv,75_2\test.csv,0.0408512567675771,0.1157040508749016
75_3,75_3\synth.csv,75_3\train.csv,75_3\val.csv,75_3\test.csv,0.0186727464030349,0.1200339520021652
75_4,75_4\synth.csv,75_4\train.csv,75_4\val.csv,75_4\test.csv,0.0381595459602458,0.1354963374099133
76_0,76_0\synth.csv,76_0\train.csv,76_0\val.csv,76_0\test.csv,0.0287303992406764,0.1265111295582724
76_1,76_1\synth.csv,76_1\train.csv,76_1\val.csv,76_1\test.csv,0.0412697537182834,0.1203045570571915
76_2,76_2\synth.csv,76_2\train.csv,76_2\val.csv,76_2\test.csv,0.0496542443480056,0.1432248842202685
76_3,76_3\synth.csv,76_3\train.csv,76_3\val.csv,76_3\test.csv,0.034796271827537,0.1242896979710415
76_4,76_4\synth.csv,76_4\train.csv,76_4\val.csv,76_4\test.csv,0.0412592787547323,0.1140923578292779
77_0,77_0\synth.csv,77_0\train.csv,77_0\val.csv,77_0\test.csv,0.0427356860004074,0.1346548678230344
77_1,77_1\synth.csv,77_1\train.csv,77_1\val.csv,77_1\test.csv,0.0282718742393516,0.1246227342446357
77_2,77_2\synth.csv,77_2\train.csv,77_2\val.csv,77_2\test.csv,0.0253288720597172,0.117131185584755
77_3,77_3\synth.csv,77_3\train.csv,77_3\val.csv,77_3\test.csv,0.0360633672616786,0.1231151408559002
77_4,77_4\synth.csv,77_4\train.csv,77_4\val.csv,77_4\test.csv,0.0360076477956127,0.1293783051207431
78_0,78_0\synth.csv,78_0\train.csv,78_0\val.csv,78_0\test.csv,-0.027663965728081,0.0634071439942524
78_1,78_1\synth.csv,78_1\train.csv,78_1\val.csv,78_1\test.csv,0.0174813154603178,0.0937394540772031
78_2,78_2\synth.csv,78_2\train.csv,78_2\val.csv,78_2\test.csv,0.0225869816745435,0.1157287226018676
78_3,78_3\synth.csv,78_3\train.csv,78_3\val.csv,78_3\test.csv,0.0141581427016828,0.1194661432913595
78_4,78_4\synth.csv,78_4\train.csv,78_4\val.csv,78_4\test.csv,0.0338241580469423,0.1378894082081567
79_0,79_0\synth.csv,79_0\train.csv,79_0\val.csv,79_0\test.csv,0.015844371022791,0.1222787225163871
79_1,79_1\synth.csv,79_1\train.csv,79_1\val.csv,79_1\test.csv,0.017825455042967,0.1125616495341751
79_2,79_2\synth.csv,79_2\train.csv,79_2\val.csv,79_2\test.csv,0.0374211984707312,0.1285423990225913
79_3,79_3\synth.csv,79_3\train.csv,79_3\val.csv,79_3\test.csv,0.0424766015003709,0.1185959465769802
79_4,79_4\synth.csv,79_4\train.csv,79_4\val.csv,79_4\test.csv,0.0195444130685741,0.1295877592481298
80_0,80_0\synth.csv,80_0\train.csv,80_0\val.csv,80_0\test.csv,0.0243479659876904,0.1326734430058092
80_1,80_1\synth.csv,80_1\train.csv,80_1\val.csv,80_1\test.csv,0.0197419043527073,0.0880841420399897
80_2,80_2\synth.csv,80_2\train.csv,80_2\val.csv,80_2\test.csv,0.0343116734197765,0.1178266775599975
80_3,80_3\synth.csv,80_3\train.csv,80_3\val.csv,80_3\test.csv,0.0034103515564106,0.1138796934144286
80_4,80_4\synth.csv,80_4\train.csv,80_4\val.csv,80_4\test.csv,0.0352923293629633,0.1131875883069383
81_0,81_0\synth.csv,81_0\train.csv,81_0\val.csv,81_0\test.csv,0.034678422449498,0.1356250697559889
81_1,81_1\synth.csv,81_1\train.csv,81_1\val.csv,81_1\test.csv,0.0325747090059269,0.1060094504167564
81_2,81_2\synth.csv,81_2\train.csv,81_2\val.csv,81_2\test.csv,0.032025484020128,0.1187873541143872
81_3,81_3\synth.csv,81_3\train.csv,81_3\val.csv,81_3\test.csv,0.0224962170329321,0.1264183931639405
81_4,81_4\synth.csv,81_4\train.csv,81_4\val.csv,81_4\test.csv,-0.0009430075184428,0.0924384544866333
82_0,82_0\synth.csv,82_0\train.csv,82_0\val.csv,82_0\test.csv,0.015810451143249,0.1108420574268885
82_1,82_1\synth.csv,82_1\train.csv,82_1\val.csv,82_1\test.csv,0.0044444160551894,0.1160507010566591
82_2,82_2\synth.csv,82_2\train.csv,82_2\val.csv,82_2\test.csv,0.037286798375168,0.1170874212853902
82_3,82_3\synth.csv,82_3\train.csv,82_3\val.csv,82_3\test.csv,0.0436788117281427,0.1282924254321383
82_4,82_4\synth.csv,82_4\train.csv,82_4\val.csv,82_4\test.csv,0.0412763584275156,0.1086376425492822
83_0,83_0\synth.csv,83_0\train.csv,83_0\val.csv,83_0\test.csv,0.0188622797267025,0.1056301013807504
83_1,83_1\synth.csv,83_1\train.csv,83_1\val.csv,83_1\test.csv,0.0328760684695265,0.121080121058818
83_2,83_2\synth.csv,83_2\train.csv,83_2\val.csv,83_2\test.csv,0.0158663946136241,0.1111803955023331
83_3,83_3\synth.csv,83_3\train.csv,83_3\val.csv,83_3\test.csv,0.0400325510742471,0.1083966190690521
83_4,83_4\synth.csv,83_4\train.csv,83_4\val.csv,83_4\test.csv,0.020985308458014,0.1311075476532122
84_0,84_0\synth.csv,84_0\train.csv,84_0\val.csv,84_0\test.csv,0.0033955503685415,0.0900577015074293
84_1,84_1\synth.csv,84_1\train.csv,84_1\val.csv,84_1\test.csv,0.0269732184993528,0.128086653757632
84_2,84_2\synth.csv,84_2\train.csv,84_2\val.csv,84_2\test.csv,0.0291651893255675,0.1127098573381827
84_3,84_3\synth.csv,84_3\train.csv,84_3\val.csv,84_3\test.csv,0.0271636767029598,0.1319162474453401
84_4,84_4\synth.csv,84_4\train.csv,84_4\val.csv,84_4\test.csv,0.0226342983339816,0.12463638282303
85_0,85_0\synth.csv,85_0\train.csv,85_0\val.csv,85_0\test.csv,0.0401425774713861,0.0971814496406309
85_1,85_1\synth.csv,85_1\train.csv,85_1\val.csv,85_1\test.csv,0.034495027090561,0.1175230155273503
85_2,85_2\synth.csv,85_2\train.csv,85_2\val.csv,85_2\test.csv,0.010602576970518,0.1228543372915905
85_3,85_3\synth.csv,85_3\train.csv,85_3\val.csv,85_3\test.csv,0.0506479789172742,0.1192719648066589
85_4,85_4\synth.csv,85_4\train.csv,85_4\val.csv,85_4\test.csv,0.0255296282681432,0.1110530879497585
86_0,86_0\synth.csv,86_0\train.csv,86_0\val.csv,86_0\test.csv,0.0430674051587378,0.1291049019604867
86_1,86_1\synth.csv,86_1\train.csv,86_1\val.csv,86_1\test.csv,0.0160967229168415,0.0937198881049898
86_2,86_2\synth.csv,86_2\train.csv,86_2\val.csv,86_2\test.csv,-0.0143667449538404,0.1104636150461088
86_3,86_3\synth.csv,86_3\train.csv,86_3\val.csv,86_3\test.csv,0.0225480975773498,0.1359807294419091
86_4,86_4\synth.csv,86_4\train.csv,86_4\val.csv,86_4\test.csv,0.061086259818482,0.135254859649711
87_0,87_0\synth.csv,87_0\train.csv,87_0\val.csv,87_0\test.csv,0.0211872964088019,0.1046627859186034
87_1,87_1\synth.csv,87_1\train.csv,87_1\val.csv,87_1\test.csv,0.0459223442773625,0.1348992438842479
87_2,87_2\synth.csv,87_2\train.csv,87_2\val.csv,87_2\test.csv,0.0388902666982473,0.1228534245814648
87_3,87_3\synth.csv,87_3\train.csv,87_3\val.csv,87_3\test.csv,-0.035301025056865,0.0543085742093648
87_4,87_4\synth.csv,87_4\train.csv,87_4\val.csv,87_4\test.csv,0.03391630958651,0.1057441789995791
88_0,88_0\synth.csv,88_0\train.csv,88_0\val.csv,88_0\test.csv,0.0298123281255336,0.1218867436635665
88_1,88_1\synth.csv,88_1\train.csv,88_1\val.csv,88_1\test.csv,0.0250551190744946,0.1311338266313829
88_2,88_2\synth.csv,88_2\train.csv,88_2\val.csv,88_2\test.csv,0.028320465936763,0.1342320835023532
88_3,88_3\synth.csv,88_3\train.csv,88_3\val.csv,88_3\test.csv,0.0258330878281776,0.1221630396135901
88_4,88_4\synth.csv,88_4\train.csv,88_4\val.csv,88_4\test.csv,0.0438778788641175,0.1267106203081387
89_0,89_0\synth.csv,89_0\train.csv,89_0\val.csv,89_0\test.csv,0.0362831075813093,0.1217791975345159
89_1,89_1\synth.csv,89_1\train.csv,89_1\val.csv,89_1\test.csv,0.028349529710641,0.1277674411483008
89_2,89_2\synth.csv,89_2\train.csv,89_2\val.csv,89_2\test.csv,0.0286109822849712,0.1094275940921998
89_3,89_3\synth.csv,89_3\train.csv,89_3\val.csv,89_3\test.csv,0.0374149859111523,0.1148038626418768
89_4,89_4\synth.csv,89_4\train.csv,89_4\val.csv,89_4\test.csv,0.0161945257385842,0.1061238673196299
90_0,90_0\synth.csv,90_0\train.csv,90_0\val.csv,90_0\test.csv,-0.1911743323327561,-0.0171132800615663
90_1,90_1\synth.csv,90_1\train.csv,90_1\val.csv,90_1\test.csv,0.0348217179220644,0.1259125269773001
90_2,90_2\synth.csv,90_2\train.csv,90_2\val.csv,90_2\test.csv,0.0243131661396375,0.1255228322371323
90_3,90_3\synth.csv,90_3\train.csv,90_3\val.csv,90_3\test.csv,0.0319385082537783,0.1270340929506824
90_4,90_4\synth.csv,90_4\train.csv,90_4\val.csv,90_4\test.csv,0.0128953123801166,0.0767903870204687
91_0,91_0\synth.csv,91_0\train.csv,91_0\val.csv,91_0\test.csv,0.039796427521715,0.1386899830360876
91_1,91_1\synth.csv,91_1\train.csv,91_1\val.csv,91_1\test.csv,0.0218460817622171,0.1207021285399291
91_2,91_2\synth.csv,91_2\train.csv,91_2\val.csv,91_2\test.csv,0.0183372722675555,0.1109748642131007
91_3,91_3\synth.csv,91_3\train.csv,91_3\val.csv,91_3\test.csv,0.0310811669937295,0.1324982146233545
91_4,91_4\synth.csv,91_4\train.csv,91_4\val.csv,91_4\test.csv,0.0316686691262789,0.1256887091305067
92_0,92_0\synth.csv,92_0\train.csv,92_0\val.csv,92_0\test.csv,0.0399747128445616,0.1289554127097919
92_1,92_1\synth.csv,92_1\train.csv,92_1\val.csv,92_1\test.csv,0.0312489365063816,0.1295325432252545
92_2,92_2\synth.csv,92_2\train.csv,92_2\val.csv,92_2\test.csv,0.0430084318310473,0.1204134808360162
92_3,92_3\synth.csv,92_3\train.csv,92_3\val.csv,92_3\test.csv,0.0237805423117518,0.1060161485597366
92_4,92_4\synth.csv,92_4\train.csv,92_4\val.csv,92_4\test.csv,0.0110929571788676,0.1035860524143245
93_0,93_0\synth.csv,93_0\train.csv,93_0\val.csv,93_0\test.csv,0.0191209829801696,0.130317138217519
93_1,93_1\synth.csv,93_1\train.csv,93_1\val.csv,93_1\test.csv,0.0336617890807109,0.112197229653008
93_2,93_2\synth.csv,93_2\train.csv,93_2\val.csv,93_2\test.csv,0.0193155829032275,0.1159015059258982
93_3,93_3\synth.csv,93_3\train.csv,93_3\val.csv,93_3\test.csv,0.0314910250245857,0.1258355314564055
93_4,93_4\synth.csv,93_4\train.csv,93_4\val.csv,93_4\test.csv,0.0085423704372373,0.1100132880052721
94_0,94_0\synth.csv,94_0\train.csv,94_0\val.csv,94_0\test.csv,0.045534474553633,0.1038613368776933
94_1,94_1\synth.csv,94_1\train.csv,94_1\val.csv,94_1\test.csv,0.0245339758782967,0.1109336957973258
94_2,94_2\synth.csv,94_2\train.csv,94_2\val.csv,94_2\test.csv,0.0268323720650786,0.1012693922114459
94_3,94_3\synth.csv,94_3\train.csv,94_3\val.csv,94_3\test.csv,0.0525850092390655,0.1388368576180725
94_4,94_4\synth.csv,94_4\train.csv,94_4\val.csv,94_4\test.csv,0.0149013908092593,0.1114552886639216
95_0,95_0\synth.csv,95_0\train.csv,95_0\val.csv,95_0\test.csv,0.0131387529121597,0.0817119258164579
95_1,95_1\synth.csv,95_1\train.csv,95_1\val.csv,95_1\test.csv,0.047428599339508,0.1076702338486159
95_2,95_2\synth.csv,95_2\train.csv,95_2\val.csv,95_2\test.csv,0.0404868476071395,0.0909821428812323
95_3,95_3\synth.csv,95_3\train.csv,95_3\val.csv,95_3\test.csv,0.0267186123529422,0.112660588997314
95_4,95_4\synth.csv,95_4\train.csv,95_4\val.csv,95_4\test.csv,0.0076241521039405,0.0954899838006265
96_0,96_0\synth.csv,96_0\train.csv,96_0\val.csv,96_0\test.csv,0.0138882059733321,0.0940567579344096
96_1,96_1\synth.csv,96_1\train.csv,96_1\val.csv,96_1\test.csv,0.0464513123657404,0.1296808027597015
96_2,96_2\synth.csv,96_2\train.csv,96_2\val.csv,96_2\test.csv,0.0243964813837694,0.120951503072428
96_3,96_3\synth.csv,96_3\train.csv,96_3\val.csv,96_3\test.csv,0.0218338396362385,0.1169401919217033
96_4,96_4\synth.csv,96_4\train.csv,96_4\val.csv,96_4\test.csv,0.0359933338343053,0.1143583018900354
97_0,97_0\synth.csv,97_0\train.csv,97_0\val.csv,97_0\test.csv,0.0467937866621406,0.1207055615474274
97_1,97_1\synth.csv,97_1\train.csv,97_1\val.csv,97_1\test.csv,0.0313988858342552,0.1270748150298176
97_2,97_2\synth.csv,97_2\train.csv,97_2\val.csv,97_2\test.csv,0.0359484402931565,0.1088993117160979
97_3,97_3\synth.csv,97_3\train.csv,97_3\val.csv,97_3\test.csv,0.026169453742999,0.1219780268051746
97_4,97_4\synth.csv,97_4\train.csv,97_4\val.csv,97_4\test.csv,0.0325440784351996,0.1277019578925939
98_0,98_0\synth.csv,98_0\train.csv,98_0\val.csv,98_0\test.csv,0.030681028713959,0.1094986959076753
98_1,98_1\synth.csv,98_1\train.csv,98_1\val.csv,98_1\test.csv,0.0144310200539109,0.1180625035922209
98_2,98_2\synth.csv,98_2\train.csv,98_2\val.csv,98_2\test.csv,0.0340422889763688,0.1097555059568611
98_3,98_3\synth.csv,98_3\train.csv,98_3\val.csv,98_3\test.csv,0.0133528886739937,0.0803606905313408
98_4,98_4\synth.csv,98_4\train.csv,98_4\val.csv,98_4\test.csv,0.0302020562085821,0.1199963091562364
99_0,99_0\synth.csv,99_0\train.csv,99_0\val.csv,99_0\test.csv,0.008808438652788,0.1098844569472177
99_1,99_1\synth.csv,99_1\train.csv,99_1\val.csv,99_1\test.csv,0.0431184622897835,0.1304817809810116
99_2,99_2\synth.csv,99_2\train.csv,99_2\val.csv,99_2\test.csv,0.0478289278395764,0.1317148391702819
99_3,99_3\synth.csv,99_3\train.csv,99_3\val.csv,99_3\test.csv,-0.0218986435476702,0.0787622827652502
99_4,99_4\synth.csv,99_4\train.csv,99_4\val.csv,99_4\test.csv,0.031505271247293,0.0969812154533781
99_0,99_0\synth.csv,99_0\train.csv,99_0\val.csv,99_0\test.csv,0.0424863952453675,0.1304930791482014
99_1,99_1\synth.csv,99_1\train.csv,99_1\val.csv,99_1\test.csv,0.0367338684305927,0.1189035625183465
99_2,99_2\synth.csv,99_2\train.csv,99_2\val.csv,99_2\test.csv,0.0041079513909433,0.1361973657462364
99_3,99_3\synth.csv,99_3\train.csv,99_3\val.csv,99_3\test.csv,0.0373143129206676,0.1347930789894134
99_4,99_4\synth.csv,99_4\train.csv,99_4\val.csv,99_4\test.csv,0.0171273483530433,0.1187386821268281
99_0,99_0\synth.csv,99_0\train.csv,99_0\val.csv,99_0\test.csv,0.032579188280694504,0.11717364596514657
99_1,99_1\synth.csv,99_1\train.csv,99_1\val.csv,99_1\test.csv,0.06614370114027202,0.12862663234730964
99_2,99_2\synth.csv,99_2\train.csv,99_2\val.csv,99_2\test.csv,0.031072147116101623,0.11306352580207812
99_3,99_3\synth.csv,99_3\train.csv,99_3\val.csv,99_3\test.csv,-0.013309296995078546,0.11237264635828015
99_4,99_4\synth.csv,99_4\train.csv,99_4\val.csv,99_4\test.csv,-0.00550738788201377,0.1147923045885808
